Brand Name,Name of The Product,Price Of The Product,Availability,Expected Delivery,Product URL
Kadence,"Kadence Frontier guitar with Online Guitar learning course , Wine Red Acoustic Guitar with Die Cast Keys, Set of Strings, Strap, Picks and Bag (Wine Red, Acoustic)","4,444",In stock,"Thursday, 20 April",https://www.amazon.in/sspa/click?ie=UTF8&spc=MTo4MjA3NjE4MjQzMjU0ODkzOjE2ODE3MzEyNDg6c3BfYXRmOjIwMDk2NjA4NzUwNDk4OjowOjo&url=%2FKadence-Frontier-Acoustic-Guitar-Strings%2Fdp%2FB01GDZ46AA%2Fref%3Dsr_1_1_sspa%3Fkeywords%3Dguitar%26qid%3D1681731248%26sr%3D8-1-spons%26sp_csd%3Dd2lkZ2V0TmFtZT1zcF9hdGY%26psc%3D1%26smid%3DAM04Z7MH4HSDD
Intern,"INTERN 40 inches Acoustic Guitar with Pick-up & truss rod, carry bag, strings pack, strap & picks. Premium Wooden durable built, tonal stability with professional sound amplificaiton. (Black).","4,581",In stock,"Thursday, 20 April",https://www.amazon.in/sspa/click?ie=UTF8&spc=MTo4MjA3NjE4MjQzMjU0ODkzOjE2ODE3MzEyNDg6c3BfYXRmOjIwMTA0MjU0MzAxODk4OjowOjo&url=%2FAcoustic-Pick-up-stability-professional-amplificaiton%2Fdp%2FB09YHCR3R8%2Fref%3Dsr_1_2_sspa%3Fkeywords%3Dguitar%26qid%3D1681731248%26sr%3D8-2-spons%26sp_csd%3Dd2lkZ2V0TmFtZT1zcF9hdGY%26psc%3D1
VAULT,"Vault Traveller 34 Inch Acoustic Guitar With Truss Rod, Gig-Bag, Strap, Strings, Polishing Cloth, String Winder, Picks & E-Book - Natural Gloss","4,084",In stock,"Thursday, 20 April",https://www.amazon.in/sspa/click?ie=UTF8&spc=MTo4MjA3NjE4MjQzMjU0ODkzOjE2ODE3MzEyNDg6c3BfYXRmOjIwMDM2MjI1NzQxMDk4OjowOjo&url=%2FTraveller-Acoustic-Guitar-Strings-Polishing%2Fdp%2FB07RK9962M%2Fref%3Dsr_1_3_sspa%3Fkeywords%3Dguitar%26qid%3D1681731248%26sr%3D8-3-spons%26sp_csd%3Dd2lkZ2V0TmFtZT1zcF9hdGY%26psc%3D1
ESH Creations,"ESH Creations E40CHEQ High Gloss Semi Acoustic Guitar with Foam Padded Bag, Tuner, Pro Capo, Strings Set, Belt, 3 Picks (Natural)","5,897",In stock,"Friday, 21 April",https://www.amazon.in/sspa/click?ie=UTF8&spc=MTo4MjA3NjE4MjQzMjU0ODkzOjE2ODE3MzEyNDg6c3BfYXRmOjIwMDk0NDgxMDkzMTk4OjowOjo&url=%2FESH-Creations-E40CHEQ-Acoustic-Strings%2Fdp%2FB0BMG7BB82%2Fref%3Dsr_1_4_sspa%3Fkeywords%3Dguitar%26qid%3D1681731248%26sr%3D8-4-spons%26sp_csd%3Dd2lkZ2V0TmFtZT1zcF9hdGY%26psc%3D1
JUAREZ,"Juârez Acoustic Guitar, 38 Inch Cutaway, 038C with Bag, Strings, Pick and Strap, Black","1,999",In stock,"Wednesday, 19 April",https://www.amazon.in/Juarez-Acoustic-Cutaway-038C-Strings/dp/B017NPCSLI/ref=sr_1_5?keywords=guitar&qid=1681731248&sr=8-5
Intern,"Intern INT-38C Right hand Acoustic Guitar Kit, With Bag, Strings, Pick And Strap, Black, small","2,399",In stock,"Wednesday, 19 April",https://www.amazon.in/Intern-INT-38C-Acoustic-Guitar-Black/dp/B073B6TQQY/ref=sr_1_6?keywords=guitar&qid=1681731248&sr=8-6
YAMAHA,"Yamaha F280 Acoustic Rosewood Guitar (Natural, Beige)","7,200",In stock,"Wednesday, 19 April",https://www.amazon.in/Yamaha-F280-Acoustic-Guitar-Natural/dp/B08317Y4VP/ref=sr_1_7?keywords=guitar&qid=1681731248&sr=8-7
Intern,Intern INT-38C Acoustic Guitar Kit (Blue),"2,199",-,"Thursday, 20 April",https://www.amazon.in/Intern-INT-38C-Acoustic-Guitar-Blue/dp/B073B5RZBV/ref=sr_1_8?keywords=guitar&qid=1681731248&sr=8-8
JUAREZ,"Juarez Lindenwood Acoustic Guitar Kit, 38 Inches Cutaway, 38C With Bag, Strings, Pick And Strap, TBS Transparent (Blue Sunburst)","1,999",In stock,"Wednesday, 19 April",https://www.amazon.in/JUAREZ-JRZ38C-Acoustic-Sunburst-Strings/dp/B01FYYTDS6/ref=sr_1_9?keywords=guitar&qid=1681731248&sr=8-9
JUAREZ,"Juarez Lindenwood Acoustic Guitar Kit, 38 Inches Cutaway, 38C With Bag, Strings, Pick And Strap, 3TS Sunburst","1,999",In stock,"Wednesday, 19 April",https://www.amazon.in/JUAREZ-JRZ38C-Acoustic-Sunburst-Strings/dp/B01FYYTDTU/ref=sr_1_10?keywords=guitar&qid=1681731248&sr=8-10
Henrix,"Henrix 38C 38 Inch Cutaway Acoustic Guitar With Dual Action Truss Rod, Gigbag, Picks, String Set, String Winder, Strap, Polishing Cloth & Ebook - Black","2,799",In stock,"Wednesday, 19 April",https://www.amazon.in/Henrix-Acoustic-Guitar-Die-cast-Dual-action/dp/B07VNDW6QF/ref=sr_1_11?keywords=guitar&qid=1681731248&sr=8-11
Intern,"Intern 38C Wooden Acoustic Steel-String Guitar Premium White Cutaway Design With Carry Bag, Strings, Guitar Strap And Plectrums (Int-38C-Wh)","2,299",In stock,"Thursday, 20 April",https://www.amazon.in/Intern-Acoustic-Steel-string-plectrums-INT-38C-WH/dp/B09LR94Z2X/ref=sr_1_12?keywords=guitar&qid=1681731248&sr=8-12
Intern,"Intern INT-38C Lindenwood Acoustic Guitar Kit (Sunburst) With Carry Bag, Picks, Strings Set And Guitar Strap (Small)","2,389",In stock,"Wednesday, 19 April",https://www.amazon.in/Intern-INT-38C-Acoustic-Guitar-Sunburst/dp/B073B5MJRM/ref=sr_1_13?keywords=guitar&qid=1681731248&sr=8-13
Intern,Intern 38C Ebony Wood Cutaway Design Acoustic Guitar with Picks And Carry Bag (Black),"2,349",In stock,"Wednesday, 19 April",https://www.amazon.in/Intern-38-inch-Cutaway-Design-Acoustic/dp/B07X4PN85R/ref=sr_1_14?keywords=guitar&qid=1681731248&sr=8-14
YAMAHA,"Yamaha FS100C Acoustic Guitar, Black","9,990",In stock,"Thursday, 20 April",https://www.amazon.in/Yamaha-FS-100C-6-String-Acoustic-without/dp/B00PAS9CK6/ref=sr_1_15?keywords=guitar&qid=1681731248&sr=8-15
Intern,Intern INT-38C Acoustic Guitar Kit (Red),"2,255",In stock,"Wednesday, 19 April",https://www.amazon.in/Intern-INT-38C-Acoustic-Guitar-Kit/dp/B073B6TF31/ref=sr_1_16?keywords=guitar&qid=1681731248&sr=8-16
REVEL,Revel 38 Inches Cutaway Design Acoustic Guitar with Carry bag and Plectrums. Great tone and Beginner/Learners standard size configuration for all age groups (Sunburst),"1,771",In stock,"Wednesday, 19 April",https://www.amazon.in/Revel-RVL-38C-LGP-3TS-Linden-Acoustic-Sunburst/dp/B085HV4YW7/ref=sr_1_17?keywords=guitar&qid=1681731248&sr=8-17
YAMAHA,YAMAHA FS80C BLACK CONCERT CUTAWAY GUITAR,"7,764",In stock,"Thursday, 20 April",https://www.amazon.in/YAMAHA-FS80C-CONCERT-CUTAWAY-GUITAR/dp/B08WBBVMVJ/ref=sr_1_18?keywords=guitar&qid=1681731248&sr=8-18
JUAREZ,"Juarez Lindenwood Acoustic Guitar, 38 Inches Curved Body Cutaway, 38CUR With Bag, Strings, Pick And Strap (Black)","2,447",In stock,"Wednesday, 19 April",https://www.amazon.in/Juarez-Acoustic-Guitar-Cutaway-Strings/dp/B076QHZ4HZ/ref=sr_1_19?keywords=guitar&qid=1681731248&sr=8-19
Intern,Intern INT-38C Natural Linden Wood Acoustic Guitar Kit with Carry Bag & Picks,"2,544",In stock,"Wednesday, 19 April",https://www.amazon.in/Intern-INT-38C-Natural-Acoustic-Guitar/dp/B07X4LPJ6H/ref=sr_1_20?keywords=guitar&qid=1681731248&sr=8-20
-,DIKUJI ENTERPRISE Plastic Medium Acoustic Guitar Learning Toy for Kids (Brown),999,In stock,"Saturday, 22 April",https://www.amazon.in/sspa/click?ie=UTF8&spc=MTo4MjA3NjE4MjQzMjU0ODkzOjE2ODE3MzEyNDg6c3BfbXRmOjIwMDcyNTMyMDc2MjA3OjowOjo&url=%2FDIKUJI-ENTERPRISE-Acoustic-Guitar-Learning%2Fdp%2FB099GS1WG6%2Fref%3Dsr_1_21_sspa%3Fkeywords%3Dguitar%26qid%3D1681731248%26sr%3D8-21-spons%26sp_csd%3Dd2lkZ2V0TmFtZT1zcF9tdGY%26psc%3D1
Guitar Bro,"GUITAR BRO - COMBO (Black Acoustic Guitar for Beginner, Guitar Learning Kit, Song Book, Video Lectures, Accessories like Pick, Bag)","8,999",In stock,April 22 - 25,https://www.amazon.in/sspa/click?ie=UTF8&spc=MTo4MjA3NjE4MjQzMjU0ODkzOjE2ODE3MzEyNDg6c3BfbXRmOjIwMDQ5MTI5MTM2MjAxOjowOjo&url=%2FGUITAR-BRO-Acoustic-Beginner-Accessories%2Fdp%2FB07T84GC8L%2Fref%3Dsr_1_22_sspa%3Fkeywords%3Dguitar%26qid%3D1681731248%26sr%3D8-22-spons%26sp_csd%3Dd2lkZ2V0TmFtZT1zcF9tdGY%26psc%3D1
-,DIKUJI ENTERPRISE 6 String Big Musical Instrument Guitar for Kids,"1,999",-,"Saturday, 22 April",https://www.amazon.in/sspa/click?ie=UTF8&spc=MTo4MjA3NjE4MjQzMjU0ODkzOjE2ODE3MzEyNDg6c3BfbXRmOjIwMDY3NjgyMzcwMDA3OjowOjo&url=%2FDIKUJI-ENTERPRISE-6-String-Acoustic-Learning%2Fdp%2FB091CZ2C83%2Fref%3Dsr_1_23_sspa%3Fkeywords%3Dguitar%26qid%3D1681731248%26sr%3D8-23-spons%26sp_csd%3Dd2lkZ2V0TmFtZT1zcF9tdGY%26psc%3D1
VAULT,Vault DA40 41 Inch Premium Solid Spruce-Top Dreadnought Acoustic Guitar With Allen Key,"6,925",In stock,"Thursday, 20 April",https://www.amazon.in/sspa/click?ie=UTF8&spc=MTo4MjA3NjE4MjQzMjU0ODkzOjE2ODE3MzEyNDg6c3BfbXRmOjIwMDkyNjI0MDIxNDk4OjowOjo&url=%2FPremium-Spruce-Top-Dreadnought-Acoustic-Guitar%2Fdp%2FB0BJK1CWSN%2Fref%3Dsr_1_24_sspa%3Fkeywords%3Dguitar%26qid%3D1681731248%26sr%3D8-24-spons%26sp_csd%3Dd2lkZ2V0TmFtZT1zcF9tdGY%26psc%3D1
YAMAHA,"YAMAHA F310, 6-Strings Rose Wood Acoustic Guitar, Natural","9,298",In stock,"Wednesday, 19 April",https://www.amazon.in/Yamaha-F310-6-Strings-Acoustic-Natural/dp/B000RVYW7E/ref=sr_1_25?keywords=guitar&qid=1681731248&sr=8-25
Medellin,"Medellin 38"" Acoustic Guitar premium wood with adjustable Truss-rod, free online learning course, Set Of Strings, Strap, Bag and 3 Picks (Sunburst Truss Rod)…… (white)","1,888",In stock,"Friday, 21 April",https://www.amazon.in/Medellin-Acoustic-adjustable-Truss-rod-learning/dp/B0BMKX4HNP/ref=sr_1_26?keywords=guitar&qid=1681731248&sr=8-26
YAMAHA,YAMAHA FS80C NATURAL CONCERT CUTAWAY GUITAR,"7,727",In stock,"Thursday, 20 April",https://www.amazon.in/YAMAHA-NATURAL-CONCERT-CUTAWAY-GUITAR/dp/B08KW4DRKL/ref=sr_1_27?keywords=guitar&qid=1681731248&sr=8-27
Kadence,"Kadence Frontier guitar with Online Guitar learning course , Wine Red Acoustic Guitar with Die Cast Keys, Set of Strings, Strap, Picks and Bag (Wine Red, Acoustic)","4,444",In stock,"Thursday, 20 April",https://www.amazon.in/Kadence-Frontier-Acoustic-Guitar-Strings/dp/B01GDZ46AA/ref=sr_1_28?keywords=guitar&qid=1681731248&sr=8-28
JUAREZ,"Juarez Acoustic Guitar, [ LEFT HANDED] 38 Inch Cutaway, 38CL/BK with Bag, Strings, Pick and Strap, Black","2,699",In stock,"Wednesday, 19 April",https://www.amazon.in/Juarez-Acoustic-Cutaway-BK-Strings/dp/B076T3RHMG/ref=sr_1_29?keywords=guitar&qid=1681731248&sr=8-29
JUAREZ,"JUAREZ Wood Acoustic Guitar, [Left Handed] 96.52 Cm (38 Inch) Cutaway, 38Cl/Tbls With Bag, Strings, Pick And Strap, Blue Sunburst","2,149",In stock,"Wednesday, 19 April",https://www.amazon.in/Acoustic-Cutaway-TBLS-Strings-Sunburst/dp/B098BCCY75/ref=sr_1_30?keywords=guitar&qid=1681731248&sr=8-30
JUAREZ,"JUAREZ Jrz-St01 6-String Linden Wood Electric Guitar, Right Handed, Black, With Case/Bag And Picks","5,869",In stock,"Wednesday, 19 April",https://www.amazon.in/Juarez-JRZ-ST01-6-String-Electric-Without/dp/B01FYZSOEO/ref=sr_1_31?keywords=guitar&qid=1681731248&sr=8-31
JUAREZ,"Juarez JRZ-ST01 38 Inches Wood 6-String Electric Guitar, Right Handed, Full Black, With Case/Bag And Picks (Black)","5,869",In stock,"Wednesday, 19 April",https://www.amazon.in/Juarez-JRZ-ST01-6-String-Electric-Without/dp/B01FYZSOGM/ref=sr_1_32?keywords=guitar&qid=1681731248&sr=8-32
JUAREZ,"Juârez JRZ38C/MAH 6 Strings Acoustic Guitar 38 Inch Cutaway, Right Handed, Mahogany with Bag, Strings, Picks and Strap","3,432",In stock,"Wednesday, 19 April",https://www.amazon.in/JRZ38C-Strings-Acoustic-Cutaway-Mahogany/dp/B071JM8C6T/ref=sr_1_33?keywords=guitar&qid=1681731248&sr=8-33
JUAREZ,"Juarez Acoustic Guitar, 38 Inch Cutaway with Pick Guard, 38CPG with Bag, Strings, Pick and Strap, Black","2,699",In stock,"Wednesday, 19 April",https://www.amazon.in/Juarez-Acoustic-Guitar-Cutaway-Strings/dp/B075XMRKMY/ref=sr_1_34?keywords=guitar&qid=1681731248&sr=8-34
JUAREZ,"Juarez Acoustic Lindenwood Guitar, 38 Inches Cutaway With Pick Guard, 38C/RDS With Bag, Strings, Pick And Strap, Red Sunburst","2,699",In stock,"Wednesday, 19 April",https://www.amazon.in/Acoustic-Cutaway-RDS-Strings-Sunburst/dp/B076QGY91P/ref=sr_1_35?keywords=guitar&qid=1681731248&sr=8-35
YAMAHA,Yamaha FSX80C Semi acoustic cutaway guitar (Black),"12,490",In stock,"Thursday, 20 April",https://www.amazon.in/Yamaha-FSX80C-Acoustic-Cutaway-Guitar/dp/B09HL5WFDX/ref=sr_1_36?keywords=guitar&qid=1681731248&sr=8-36
JUAREZ,"Juârez Acoustic Guitar, 38 Inch Cutaway, JRZ38CT, Hippie Funky Design, with Bag, Picks, Strap & Extra String set","2,539",In stock,"Wednesday, 19 April",https://www.amazon.in/Juarez-Acoustic-Guitar-Cutaway-JRZ38CT/dp/B01N3TTYJQ/ref=sr_1_37?keywords=guitar&qid=1681731248&sr=8-37
-,-,-,-,-,https://www.amazon.in/JRZ-ST01-6-String-Electric-Sunburst-Without/dp/B01FYZSOEE/ref=sr_1_38?keywords=guitar&qid=1681731248&sr=8-38
JUAREZ,"Juârez Lindenwood Acoustic Guitar, 38 Inches Cutaway, JRZ38C With Bag, Strings, Pick And Strap, Blue","2,189",In stock,"Wednesday, 19 April",https://www.amazon.in/JUAREZ-JRZ38C-Handed-Acoustic-Strings/dp/B01FYYTDX6/ref=sr_1_39?keywords=guitar&qid=1681731248&sr=8-39
JUAREZ,"Juârez JRZ38C/ZEB 6 Strings Acoustic Guitar 38 Inch Cutaway, Right Handed, Zebrawood with Bag, Strings, Picks and Strap","3,598",In stock,"Wednesday, 19 April",https://www.amazon.in/Juarez-Strings-Acoustic-Cutaway-Zebrawood/dp/B072Q9L8DG/ref=sr_1_40?keywords=guitar&qid=1681731248&sr=8-40
Kadence,"Kadence Slowhand Premium Jumbo Semi Acoustic Guitar with Heavy Padded Bag, guitar cable, Pro Capo (Black Spruce Wood)","11,999",In stock,"Thursday, 20 April",https://www.amazon.in/Kadence-Slowhand-Premium-Acoustic-Instrument/dp/B077SZ667X/ref=sr_1_41?keywords=guitar&qid=1681731248&sr=8-41
Fender,Fender Acoustic Guitar Dreadnought Cd60 V3 Natural 970110521 Right-Hand One Of The Most Reputed Guitar Brands In The World,"12,500",-,"Thursday, 20 April",https://www.amazon.in/Fender-Dread-String-Acoustic-Guitar/dp/B07RL6VG3H/ref=sr_1_42?keywords=guitar&qid=1681731248&sr=8-42
YAMAHA,"Yamaha F280 Acoustic Guitar, Natural With Bajaao Gig Bag","7,890",-,"Saturday, 22 April",https://www.amazon.in/Yamaha-Acoustic-Guitar-Natural-Bajaao/dp/B08RMP2F6Z/ref=sr_1_43?keywords=guitar&qid=1681731248&sr=8-43
Intern,"Intern INT-38C-BK-G Cutaway Right Handed Acoustic Guitar Kit, with Bag, Nickel Strings, Pick And Strap (Black) -6 Strings","2,299",In stock,"Thursday, 20 April",https://www.amazon.in/Intern-INT-38C-BK-G-Guitar-Kit-Black/dp/B07K9497RC/ref=sr_1_44?keywords=guitar&qid=1681731248&sr=8-44
Swan7,Swan7 40C Semi Acoustic Guitar Natural Matt Maven Series with Equalizer,"5,199",In stock,"Saturday, 22 April",https://www.amazon.in/Swan7-40C-Acoustic-Natural-Equalizer/dp/B0BT9KVN12/ref=sr_1_45?keywords=guitar&qid=1681731248&sr=8-45
Intern,Intern Int-38c Sunburst Linden Wood Acoustic Guitar Kit with Carry Bag and Picks,"2,199",In stock,"Thursday, 20 April",https://www.amazon.in/Intern-INT-38C-Sunburst-Acoustic-Guitar/dp/B07X1J4D3Z/ref=sr_1_46?keywords=guitar&qid=1681731248&sr=8-46
REVEL,Revel 38 Inches Cutaway Design Acoustic Guitar with Carry bag and Plectrums. Great tone and Beginner/Learners standard size configuration for all age groups (White)…,"2,898",In stock,"Wednesday, 19 April",https://www.amazon.in/Acoustic-Plectrums-Beginner-Learners-configuration/dp/B09W5TQD6G/ref=sr_1_47?keywords=guitar&qid=1681731248&sr=8-47
Intern,"Intern INT-38C-NT-G 38 Incheses lindenwood Right HAnded Acoustic Guitar Kit With Bag, Strings, Pick And Strap (Natural, 6-Strings)","2,750",In stock,"Wednesday, 19 April",https://www.amazon.in/Intern-INT-38C-NT-G-Guitar-Kit-Natural/dp/B07K9MZZH9/ref=sr_1_48?keywords=guitar&qid=1681731248&sr=8-48
JUAREZ,"Juârez JRZ38C/VTS 6 Strings Acoustic Guitar 38 Inch Cutaway, Right Handed, Violet/Purple with Bag, Strings, Picks and Strap","3,410",In stock,"Wednesday, 19 April",https://www.amazon.in/JRZ38C-VTS-Strings-Acoustic-Cutaway/dp/B072MFLQC9/ref=sr_1_49?keywords=guitar&qid=1681731248&sr=8-49
Intern,"INTERN 41 inches Acoustic Guitar with truss rod. Includes carry bag, strings pack, strap & plectrums. Premium Wooden durable built, tonal stability & for all age-groups (Jamming Black).…","4,566",In stock,"Wednesday, 19 April",https://www.amazon.in/Acoustic-strings-plectrums-stability-age-groups/dp/B09YHC3LX6/ref=sr_1_50?keywords=guitar&qid=1681731248&sr=8-50
JUAREZ,"JUAREZ Arpeggio Guitar JRA41SP-RD-K, red","6,866",In stock,"Wednesday, 19 April",https://www.amazon.in/JUAREZ-Arpeggio-Guitar-JRA41SP-RD-K-red/dp/B08MW8CWG8/ref=sr_1_51?keywords=guitar&qid=1681731248&sr=8-51
VAULT,Vault RG1 Soloist Premium Electric Guitar- Transparent Red,"10,449",In stock,"Thursday, 20 April",https://www.amazon.in/Soloist-Premium-Electric-Guitar-Transparent/dp/B09GLYLQ5X/ref=sr_1_52?keywords=guitar&qid=1681731248&sr=8-52
Medellin,"Medellin M38 carbon fiber body 38 Incheses Acoustic Guitar (Blue Burst) Durable Matt finish With hAndrest, strings, strap, bag, 3 Picks, capo, stAnd","2,349",In stock,"Friday, 21 April",https://www.amazon.in/Medellin-Acoustic-Guitar-Carbon-Learning/dp/B09MSGMQ3Y/ref=sr_1_53?keywords=guitar&qid=1681731248&sr=8-53
Intern,Intern INT-38C Acoustic Guitar Kit (Natural),"2,948",In stock,"Wednesday, 19 April",https://www.amazon.in/Intern-INT-38C-Acoustic-Guitar-Natural/dp/B073B4D22T/ref=sr_1_54?keywords=guitar&qid=1681731248&sr=8-54
Fender,Fender Acoustic Guitar with Cutaway Electronics CD60SCE Natural 970113021,"25,299",In stock,"Thursday, 20 April",https://www.amazon.in/FENDER-CD60SCE-NAT-Dreadnought-Spruce-Semi-Acoustic/dp/B01MSBHU7X/ref=sr_1_55?keywords=guitar&qid=1681731248&sr=8-55
YAMAHA,Yamaha 22.8 Inches Merantiwood Classical Guitar C40//02 (Brown),"7,990",In stock,"Thursday, 20 April",https://www.amazon.in/Yamaha-Classical-Guitar-C40-02/dp/B003UGCUFE/ref=sr_1_56?keywords=guitar&qid=1681731248&sr=8-56
ESH Creations,"ESH Creations E41CHEQ Jumbo High Gloss Semi Acoustic Guitar with Foam Padded Bag, Tuner, Pro Capo, Strings Set, Belt, 3 Picks (Natural)","6,497",-,"Friday, 21 April",https://www.amazon.in/sspa/click?ie=UTF8&spc=MTo4MjA3NjE4MjQzMjU0ODkzOjE2ODE3MzEyNDg6c3BfYnRmOjIwMDk0NDgxMDkyODk4OjowOjo&url=%2FESH-Creations-E41CHEQ-Acoustic-Strings%2Fdp%2FB0BMGDVH1X%2Fref%3Dsr_1_57_sspa%3Fkeywords%3Dguitar%26qid%3D1681731248%26sr%3D8-57-spons%26sp_csd%3Dd2lkZ2V0TmFtZT1zcF9idGY%26psc%3D1
ESH Creations,"ESH Creations E39CHEQ High Gloss Semi Acoustic Guitar with Foam Padded Bag, Tuner, Pro Capo, Strings Set, Belt, 3 Picks (Brown)","5,397",-,"Friday, 21 April",https://www.amazon.in/sspa/click?ie=UTF8&spc=MTo4MjA3NjE4MjQzMjU0ODkzOjE2ODE3MzEyNDg6c3BfYnRmOjIwMTAxOTI2ODk2Mzk4OjowOjo&url=%2FESH-Creations-E39CHEQ-Acoustic-Strings%2Fdp%2FB0BMVQL5J3%2Fref%3Dsr_1_58_sspa%3Fkeywords%3Dguitar%26qid%3D1681731248%26sr%3D8-58-spons%26sp_csd%3Dd2lkZ2V0TmFtZT1zcF9idGY%26psc%3D1
ESH Creations,"ESH Creations E-ST-3 39 inch High Gloss Electric Guitar with Foam Padded Bag, a Pack of 6 Strings, a Pack of 3 Picks, Guitar strap, cable, LN Key (BLACK)","8,298",-,"Friday, 21 April",https://www.amazon.in/sspa/click?ie=UTF8&spc=MTo4MjA3NjE4MjQzMjU0ODkzOjE2ODE3MzEyNDg6c3BfYnRmOjIwMTAxOTI2ODk1Njk4OjowOjo&url=%2FESH-Creations-Electric-Guitar-Strings%2Fdp%2FB0BNBN5GY7%2Fref%3Dsr_1_59_sspa%3Fkeywords%3Dguitar%26qid%3D1681731248%26sr%3D8-59-spons%26sp_csd%3Dd2lkZ2V0TmFtZT1zcF9idGY%26psc%3D1
-,Right Search ® Mini Musical Guitar Toy _g1,299,In stock,"Saturday, 22 April",https://www.amazon.in/sspa/click?ie=UTF8&spc=MTo4MjA3NjE4MjQzMjU0ODkzOjE2ODE3MzEyNDg6c3BfYnRmOjIwMDc3ODY4NTg2Mjk4OjowOjo&url=%2FRight-Search-Mini-Musical-Guitar%2Fdp%2FB0B6FJNP9S%2Fref%3Dsr_1_60_sspa%3Fkeywords%3Dguitar%26qid%3D1681731248%26sr%3D8-60-spons%26sp_csd%3Dd2lkZ2V0TmFtZT1zcF9idGY%26psc%3D1
Guitar Bro,"GUITAR BRO - COMBO (Blue Acoustic Guitar for Beginner, Guitar Learning Kit, Song Book, Video Lectures, Accessories like Pick, Bag)","8,999",In stock,April 22 - 26,https://www.amazon.in/sspa/click?ie=UTF8&spc=MToxMzkyODgzMzg5MzQyMzgwOjE2ODE3MzEyNTU6c3BfYXRmX25leHQ6MjAwNDkxMjkxMzYzMDE6OjA6Og&url=%2FGUITAR-BRO-Acoustic-Beginner-Accessories%2Fdp%2FB07TC7TWCR%2Fref%3Dsr_1_49_sspa%3Fkeywords%3Dguitar%26qid%3D1681731255%26sr%3D8-49-spons%26sp_csd%3Dd2lkZ2V0TmFtZT1zcF9hdGZfbmV4dA%26psc%3D1
ESH Creations,"ESH Creations E41CHEQ Jumbo High Gloss Semi Acoustic Guitar with Foam Padded Bag, Tuner, Pro Capo, Strings Set, Belt, 3 Picks (Black)","6,497",-,"Friday, 21 April",https://www.amazon.in/sspa/click?ie=UTF8&spc=MToxMzkyODgzMzg5MzQyMzgwOjE2ODE3MzEyNTU6c3BfYXRmX25leHQ6MjAwOTQ0ODEwOTI3OTg6OjA6Og&url=%2FESH-Creations-E41CHEQ-Acoustic-Strings%2Fdp%2FB0BMGJF5P4%2Fref%3Dsr_1_50_sspa%3Fkeywords%3Dguitar%26qid%3D1681731255%26sr%3D8-50-spons%26sp_csd%3Dd2lkZ2V0TmFtZT1zcF9hdGZfbmV4dA%26psc%3D1
ESH Creations,"ESH Creations E39CHEQ High Gloss Semi Acoustic Guitar with Foam Padded Bag, Tuner, Pro Capo, Strings Set, Belt, 3 Picks (Natural)","5,397",-,"Friday, 21 April",https://www.amazon.in/sspa/click?ie=UTF8&spc=MToxMzkyODgzMzg5MzQyMzgwOjE2ODE3MzEyNTU6c3BfYXRmX25leHQ6MjAxMDE5MjY4OTY0OTg6OjA6Og&url=%2FESH-Creations-E39CHEQ-Acoustic-Strings%2Fdp%2FB0BMVQLWF7%2Fref%3Dsr_1_51_sspa%3Fkeywords%3Dguitar%26qid%3D1681731255%26sr%3D8-51-spons%26sp_csd%3Dd2lkZ2V0TmFtZT1zcF9hdGZfbmV4dA%26psc%3D1
ESH Creations,"ESH Creations E40CHEQ High Gloss Semi Acoustic Guitar with Foam Padded Bag, Tuner, Pro Capo, Strings Set, Belt, 3 Picks (Brown)","5,897",-,"Friday, 21 April",https://www.amazon.in/sspa/click?ie=UTF8&spc=MToxMzkyODgzMzg5MzQyMzgwOjE2ODE3MzEyNTU6c3BfYXRmX25leHQ6MjAwOTQ0ODEwOTMwOTg6OjA6Og&url=%2FESH-Creations-E40CHEQ-Acoustic-Strings%2Fdp%2FB0BMG8M5GV%2Fref%3Dsr_1_52_sspa%3Fkeywords%3Dguitar%26qid%3D1681731255%26sr%3D8-52-spons%26sp_csd%3Dd2lkZ2V0TmFtZT1zcF9hdGZfbmV4dA%26psc%3D1
Intern,"INTERN 40 inches Acoustic Guitar with Pick-up & truss rod, carry bag, strings pack, strap & picks. Premium Wooden durable built, Best tonal stability with professional sound amplificaiton. (ASH).","5,090",In stock,"Wednesday, 19 April",https://www.amazon.in/Acoustic-Pick-up-stability-professional-amplificaiton/dp/B09YH8X5CL/ref=sr_1_53?keywords=guitar&qid=1681731255&sr=8-53
Kadence,"Kadence rosewood Guitar Frontier Series, Electric Acoustic Black Guitar With EQ, Die Cast Keys, Set Of Strings, Strap, Picks And Bag (Black EQ, Electric Acoustic)","5,499",In stock,"Friday, 21 April",https://www.amazon.in/Kadence-Frontier-Acoustic-Guitar-Strings/dp/B078GTJP5Y/ref=sr_1_54?keywords=guitar&qid=1681731255&sr=8-54
blueberry,"Blueberry VIP 405, 40 Inch Cutaway Acoustic Guitar With Truss Rod, 1 Bag, 1 Belt, 1 String Set And 2 Picks (Classic Brown)","4,360",In stock,"Saturday, 22 April",https://www.amazon.in/Blueberry-VIP-405-Cutaway-Acoustic/dp/B0BVZBL1VJ/ref=sr_1_55?keywords=guitar&qid=1681731255&sr=8-55
JUAREZ,"Juarez Acoustic Guitar, 38 Inch Cutaway, 38CMB with Bag, Strings, Pick and Strap, Matte Black","2,699",In stock,"Wednesday, 19 April",https://www.amazon.in/Juarez-Acoustic-Guitar-Cutaway-Strings/dp/B084VRCCN7/ref=sr_1_56?keywords=guitar&qid=1681731255&sr=8-56
blueberry,"Blueberry B-38C-Brown 38 Inch Acoustic Guitar Kit with Bag, Strap, One Pack Strings And 2 Picks","2,560",In stock,"Saturday, 22 April",https://www.amazon.in/Blueberry-B-38C-Brown-Acoustic-Guitar-Strings/dp/B0B71BHDGQ/ref=sr_1_57?keywords=guitar&qid=1681731255&sr=8-57
Kadence,"Kadence Frontier 34inch guitar for Kids, Travel Guitar for Adult Acoustic Guitar with Die Cast Keys, Set of Strings, Strap, Picks and Bag (Natural Brown Guitar)","3,799",In stock,"Wednesday, 19 April",https://www.amazon.in/Kadence-Professional-Guitar-Natural-Strings/dp/B094ZVKXKG/ref=sr_1_58?keywords=guitar&qid=1681731255&sr=8-58
JUAREZ,"Juârez Acoustic Guitar, 38 Inch Cutaway, JRZ38C with Bag, Strings, Pick and Strap, Red","3,183",In stock,"Wednesday, 19 April",https://www.amazon.in/JUAREZ-JRZ38C-Handed-Acoustic-Strings/dp/B01FYYTDW2/ref=sr_1_49?keywords=guitar&qid=1681731255&sr=8-49
Intern,Intern Int-38c Linden Wood Acoustic Guitar Kit with Carry Bag and Picks (Brown),"2,299",In stock,"Thursday, 20 April",https://www.amazon.in/Intern-INT-38C-Brown-Acoustic-Guitar/dp/B07X2HV158/ref=sr_1_50?keywords=guitar&qid=1681731255&sr=8-50
Fender.,Fender Acoustic Guitar with Cutaway Electronics CD60SCE Natural 970113021,"29,736",-,"Monday, 24 April",https://www.amazon.in/Fender-CD-60SCE-Electro-Acoustic-Guitar/dp/B084GYX81B/ref=sr_1_51?keywords=guitar&qid=1681731255&sr=8-51
MUSTANG,Tagima Junior 30 Inch Acoustic Guitar for Kids,"1,290",In stock,"Saturday, 22 April",https://www.amazon.in/Tagima-Junior-Inch-Acoustic-Guitar/dp/B0BTBWJTGH/ref=sr_1_52?keywords=guitar&qid=1681731255&sr=8-52
Intern,"INTERN Cutaway Design Acoustic Guitar Pack -Humidity Proof body, Bend resistance, Durable Action, Natural tone & bright resonance. Blue Carbon Fibre/Fiber Guitar with Bag, Strap, Strings set, Picks","2,868",In stock,"Wednesday, 19 April",https://www.amazon.in/Cutaway-Acoustic-Humidity-resistance-resonance/dp/B09RRH7R5F/ref=sr_1_53?keywords=guitar&qid=1681731255&sr=8-53
Intern,"Intern INT-38C-VT-G 38 Incheses Cutaway Right HAnded lindenwood Acoustic Guitar Kit, With Bag, Strings, Pick And Strap (Violet, 6-Strings)","2,948",In stock,"Wednesday, 19 April",https://www.amazon.in/Intern-INT-38C-VT-G-Guitar-Kit-Violet/dp/B07K8YJXKL/ref=sr_1_54?keywords=guitar&qid=1681731255&sr=8-54
Intern,"INTERN 40 inches Acoustic Guitar with Pick-up & truss rod, carry bag, strings pack, strap & picks. Premium Wooden durable built, tonal stability with professional sound amplificaiton. (Black).","4,581",In stock,"Thursday, 20 April",https://www.amazon.in/Acoustic-Pick-up-stability-professional-amplificaiton/dp/B09YHCR3R8/ref=sr_1_55?keywords=guitar&qid=1681731255&sr=8-55
Medellin,"Medellin 38"" Acoustic Guitar Carbon Fiber body+(Free Online Learning Course) - Durable Matt finish with handrest, strings, strap, bag, 3 Picks, capo, stand. (sun brust)","2,349",In stock,"Friday, 21 April",https://www.amazon.in/Medellin-Acoustic-specailized-learning-beginners/dp/B09MSGN39M/ref=sr_1_56?keywords=guitar&qid=1681731255&sr=8-56
blueberry,"Blueberry 38C, 38"" Acoustic Guitar Kit with Bag, Strap, One Pack Strings And Picks (Natural)","2,560",In stock,"Saturday, 22 April",https://www.amazon.in/Blueberry-38C-Acoustic-Strings-Natural/dp/B08KLNFL2Y/ref=sr_1_57?keywords=guitar&qid=1681731255&sr=8-57
Intern,"Intern INT-38C-SB-G Linden Wood Cutaway Right Handed Acoustic Guitar Kit, With Bag, Strings, Pick And Strap (Sunburst, 6 Strings)","2,296",In stock,"Wednesday, 19 April",https://www.amazon.in/Intern-INT-38C-SB-G-Guitar-Kit-Sunburst/dp/B07K8WLPLH/ref=sr_1_58?keywords=guitar&qid=1681731255&sr=8-58
MUSTANG,MUSTANG Pack of 2 Universal Guitar Stand by Hola! Music Fits Acoustic Classical Electric Bass Guitars Mandolins Banjos Ukuleles and Other Stringed Instruments,999,In stock,"Saturday, 22 April",https://www.amazon.in/sspa/click?ie=UTF8&spc=MToxMzkyODgzMzg5MzQyMzgwOjE2ODE3MzEyNTU6c3BfbXRmOjIwMDYwMzUyOTE1Mzk4OjowOjo&url=%2FUniversal-Acoustic-Classical-Mandolins-Instruments%2Fdp%2FB08XBRNC7T%2Fref%3Dsr_1_59_sspa%3Fkeywords%3Dguitar%26qid%3D1681731255%26sr%3D8-59-spons%26sp_csd%3Dd2lkZ2V0TmFtZT1zcF9tdGY%26psc%3D1
JUAREZ,"JUAREZ Arpeggio Guitar JRA41MAH, mahogany","6,479",In stock,"Wednesday, 19 April",https://www.amazon.in/JUAREZ-Arpeggio-Guitar-JRA41MAH-mahogany/dp/B08MWBBYL1/ref=sr_1_60?keywords=guitar&qid=1681731255&sr=8-60
Fender,Fender Acoustic Guitar Dreadnought Solid CD60S Natural Lefty 970115021,"20,800",-,"Wednesday, 19 April",https://www.amazon.in/Fender-60S-Dreadnought-Acoustic-Guitar/dp/B01N4RZJ5P/ref=sr_1_61?keywords=guitar&qid=1681731255&sr=8-61
Intern,"Intern INT-38C 38 Incheses basswood-BLS-G Cutaway Right HAnded Acoustic Guitar Kit, With Bag, Strings, Pick And Strap (Blue, 6 Strings)","2,299",In stock,"Thursday, 20 April",https://www.amazon.in/Intern-INT-38C-BLS-G-Guitar-Kit-Blue/dp/B07K8YXTNW/ref=sr_1_62?keywords=guitar&qid=1681731255&sr=8-62
Fender,Fender Acoustic Guitar Dreadnought CD60 V3 970110506 Black Right-Handed One of The Most reputed Guitar Brands in the World,"12,999",In stock,"Thursday, 20 April",https://www.amazon.in/Fender-Dread-String-Acoustic-Guitar/dp/B07RM4B5LJ/ref=sr_1_63?keywords=guitar&qid=1681731255&sr=8-63
YAMAHA,Yamaha FSX80C Semi acoustic cutaway guitar (natural),"12,490",In stock,"Thursday, 20 April",https://www.amazon.in/Yamaha-FSX80C-Acoustic-Cutaway-Natural/dp/B09HL3GFZF/ref=sr_1_64?keywords=guitar&qid=1681731255&sr=8-64
-,Alice Bronze Acoustic Guitar Strings GS-01_Phosphor Bronze_(Pack of 1),223,In stock,"Thursday, 20 April",https://www.amazon.in/Alice-A206-Phosphor-Bronze-Strings/dp/B00QAFCNK4/ref=sr_1_65?keywords=guitar&qid=1681731255&sr=8-65
VAULT,Vault PA36 Parlor Body Compact Acoustic Guitar with Standard Scale Length,"6,749",In stock,"Thursday, 20 April",https://www.amazon.in/Parlor-Compact-Acoustic-Guitar-Standard/dp/B0BJK1332J/ref=sr_1_66?keywords=guitar&qid=1681731255&sr=8-66
JUAREZ,"Juârez JRZ38C/WH 6 Strings Acoustic Guitar 38 Inch Cutaway, Right Handed, White with Bag, Strings, Picks and Strap","3,351",In stock,"Wednesday, 19 April",https://www.amazon.in/Ju%C3%A2rez-JRZ38C-WH-Strings-Acoustic/dp/B072MFK4L6/ref=sr_1_67?keywords=guitar&qid=1681731255&sr=8-67
Cort,"Cort 6-String Acoustic Guitar, Spruce top, Mahogany back and sides, Dreadnought Natural AD810-OP","9,394",In stock,"Wednesday, 19 April",https://www.amazon.in/Cort-AD810-OP-Acoustic-Guitar-Brown/dp/B00VQ7YDCM/ref=sr_1_68?keywords=guitar&qid=1681731255&sr=8-68
Kadence,Kadence Acoustica Series Black Ash Wood A06 Guitar with Bag with Truss Rod,"9,499",In stock,"Friday, 21 April",https://www.amazon.in/Kadence-Acoustica-Black-Guitar-Truss/dp/B0BHX1FYN7/ref=sr_1_69?keywords=guitar&qid=1681731255&sr=8-69
Ibanez,"Ibanez GA5TCE - AM, 6 -Strings Acoustic Guitar, Right-Handed, Amber High Gloss, Rosewood Fretboard","22,572",-,"Thursday, 20 April",https://www.amazon.in/Ibanez-GA5TCE-Strings-Right-Handed-Fretboard/dp/B00LJV9OAQ/ref=sr_1_70?keywords=guitar&qid=1681731255&sr=8-70
Fender,Fender Acoustic Guitar Dreadnought Solid CD60S Black 970110006,"14,784",In stock,"Wednesday, 19 April",https://www.amazon.in/Fender-091170170-Acoustic-Guitar/dp/B08PMT53X7/ref=sr_1_71?keywords=guitar&qid=1681731255&sr=8-71
VAULT,"Vault DA20 Dreadnought Acoustic Guitar With Gig-Bag, Picks, Strings Set, String Winder, Strap, Polishing Cloth And Allen Key","4,669",-,"Thursday, 20 April",https://www.amazon.in/Dreadnought-Acoustic-Gig-Bag-Strings-Polishing/dp/B0BJJRJVHY/ref=sr_1_72?keywords=guitar&qid=1681731255&sr=8-72
QUKAN,"QUKAN Cutaway Acoustic Guitar 38-inch Folk Guitar Hand Rubbed Basswood with Celluloid Pick, Pick Holder, Guard Board, Strap, Tuner, Capo, Gig Bag for Teens Adults Beginners","24,247",In stock,May 2 - 5,https://www.amazon.in/QUKAN-Acoustic-Basswood-Celluloid-Beginners/dp/B0BZDK1MWX/ref=sr_1_73?keywords=guitar&qid=1681731255&sr=8-73
YAMAHA,YAMAHA FX280 Natural Electro Acoustic Guitar,"10,711",In stock,"Wednesday, 19 April",https://www.amazon.in/Yamaha-FX280-acoustic-Dreadnought-Natural/dp/B09HR6BNFQ/ref=sr_1_74?keywords=guitar&qid=1681731255&sr=8-74
Kadence,Kadence Acoustica Series Semi Acoustic Ash Wood with Fluorocarbon strings Equalizer A-06 (Ukulele),"3,299",In stock,"Thursday, 20 April",https://www.amazon.in/Kadence-Acoustica-Acoustic-Fluorocarbon-Equalizer/dp/B08PBLKL62/ref=sr_1_75?keywords=guitar&qid=1681731255&sr=8-75
JUAREZ,"JUAREZ Arpéggio 104.14 cm (41 Inch) Semi-Acoustic Guitar Kit, Thin Line Body, Spruce Top, with 4 Band EQ, Natural","6,776",In stock,"Wednesday, 19 April",https://www.amazon.in/JUAREZ-Arp%C3%A9ggio-Semi-Acoustic-Guitar-Natural/dp/B08KHFJKZK/ref=sr_1_76?keywords=guitar&qid=1681731255&sr=8-76
-,chiransi String Acoustic Guitar // Learning Toys for Girl & Boys//Musical Instrument Educational Guitar Toy for Beginners Kids - ( Pack of 1 ),399,In stock,"Friday, 21 April",https://www.amazon.in/chiransi-Acoustic-Instrument-Educational-Beginners/dp/B0BW5YG9TG/ref=sr_1_77?keywords=guitar&qid=1681731255&sr=8-77
blueberry,"Blueberry 38C, 38"" Acoustic Guitar Kit with Bag, Strap, One Pack Strings And Picks (Black)","2,303",In stock,"Saturday, 22 April",https://www.amazon.in/Blueberry-38C-Acoustic-Guitar-Strings/dp/B08KLMV4XX/ref=sr_1_78?keywords=guitar&qid=1681731255&sr=8-78
Fender,"Fender Squier 310005532 25.5 Inches Lindenwood Bullet Fat Stratocaster Right Handed Electric Guitar (Own Sunburst, Brown, 6 Strings)","13,890",In stock,"Wednesday, 19 April",https://www.amazon.in/Fender-310005532-Stratocaster-Electric-6-Strings/dp/B003AQ1PZU/ref=sr_1_79?keywords=guitar&qid=1681731255&sr=8-79
YAMAHA,"Yamaha FS100C Acoustic Guitar, Natural","9,490",-,"Friday, 21 April",https://www.amazon.in/Yamaha-FS100C-Acoustic-Guitars-Natural/dp/B00QKD79QE/ref=sr_1_80?keywords=guitar&qid=1681731255&sr=8-80
Kadence,"Kadence Frontier Jumbo Semi Acoustic Guitar With Die Cast Keys, Super Combo (Bag, 1 pack Strings, Strap, Picks, Capo (Black)","6,899",In stock,"Friday, 21 April",https://www.amazon.in/Kadence-Frontier-Acoustic-Guitar-Equalizer/dp/B01HRIHJWY/ref=sr_1_81?keywords=guitar&qid=1681731255&sr=8-81
JUAREZ,"Juârez JRZ38C/ASH 6 Strings Acoustic Guitar 38 Inch Cutaway, Right Handed, Ash with Bag, Strings, Picks and Strap","3,475",In stock,"Wednesday, 19 April",https://www.amazon.in/Juarez-JRZ38C-ASH-Strings-Acoustic/dp/B072JTPNZC/ref=sr_1_82?keywords=guitar&qid=1681731255&sr=8-82
HOVNER,"Hovner 215 Black F-Cut Rosewood Fretboard Acoustic Guitar With Bag,Strap,1 Set of Extra Strings and 2 Picks By K-Retail","4,351",In stock,"Monday, 24 April",https://www.amazon.in/Rosewood-Fretboard-Acoustic-Strings-K-Retail/dp/B07KLG8C4P/ref=sr_1_83?keywords=guitar&qid=1681731255&sr=8-83
YAMAHA,"Yamaha F280 Acoustic Guitar, Tobacco Brown Sunburst","7,490",In stock,"Saturday, 22 April",https://www.amazon.in/Yamaha-Acoustic-Guitar-Tobacco-Sunburst/dp/B08VXR74Q2/ref=sr_1_84?keywords=guitar&qid=1681731255&sr=8-84
YAMAHA,Yamaha FX310A Full Size Electro-Acoustic Guitar (Natural),"15,900",In stock,April 24 - 26,https://www.amazon.in/Yamaha-FX310A-Electro-Acoustic-Guitar-Natural/dp/B000UH4P18/ref=sr_1_85?keywords=guitar&qid=1681731255&sr=8-85
Kadence,Kadence professional Guitar A311,"6,999",In stock,"Friday, 21 April",https://www.amazon.in/Kadence-6-strings-Acoustic-Guitar-Natural/dp/B07JKYWGJN/ref=sr_1_86?keywords=guitar&qid=1681731255&sr=8-86
Stagg,"Stagg, Acoustic Guitar, Dreadnought, With Basswood Top -Natural Sa20D Nat","7,811",-,"Friday, 21 April",https://www.amazon.in/Stagg-SA20D-NAT-Acoustic-Guitar/dp/B01CU0YTYK/ref=sr_1_87?keywords=guitar&qid=1681731255&sr=8-87
Gibz's guitar,"Gibz's guitars G-39 Matt Acoustic Guitar With Truss Rod (Matt, Natural)","6,498",-,"Friday, 21 April",https://www.amazon.in/Gibzs-guitars-Acoustic-Guitar-Natural/dp/B0BJ97316C/ref=sr_1_88?keywords=guitar&qid=1681731255&sr=8-88
VAULT,"Vault Traveller 34 Inch Acoustic Guitar With Truss Rod, Gig-Bag, Strap, Strings, Polishing Cloth, String Winder, Picks & E-Book - Natural Gloss","4,084",In stock,"Thursday, 20 April",https://www.amazon.in/Traveller-Acoustic-Guitar-Strings-Polishing/dp/B07RK9962M/ref=sr_1_89?keywords=guitar&qid=1681731255&sr=8-89
JUAREZ,"Juarez Acoustic Guitar, [LEFT HANDED] 96.52 cm (38 Inch) Cutaway, 38CL/3TS with Bag, Strings, Pick and Strap, 3TS Sunburst","2,699",In stock,"Wednesday, 19 April",https://www.amazon.in/Acoustic-Cutaway-3TS-Strings-Sunburst/dp/B098BD1MHM/ref=sr_1_90?keywords=guitar&qid=1681731255&sr=8-90
JUAREZ,"Juarez Arpéggio 104.14 cm (41 Inch) Semi-Acoustic Guitar Kit, Thin Line Body, Spruce Top, with 4 Band EQ, High Gloss Black","6,789",In stock,"Wednesday, 19 April",https://www.amazon.in/Juarez-Arp%C3%A9ggio-Semi-Acoustic-Guitar-Spruce/dp/B08KHR4BJZ/ref=sr_1_91?keywords=guitar&qid=1681731255&sr=8-91
ESH Creations,"ESH Creations E40CHEQ High Gloss Semi Acoustic Guitar with Foam Padded Bag, Tuner, Pro Capo, Strings Set, Belt, 3 Picks (Black)","5,899",In stock,"Friday, 21 April",https://www.amazon.in/sspa/click?ie=UTF8&spc=MTo4NzkzMzA3Mjk5OTk4ODY0OjE2ODE3MzEyNTk6c3BfYXRmX25leHQ6MjAwOTQ0ODEwOTI5OTg6OjA6Og&url=%2FESH-Creations-E40CHEQ-Acoustic-Strings%2Fdp%2FB0BMG81LCG%2Fref%3Dsr_1_97_sspa%3Fkeywords%3Dguitar%26qid%3D1681731259%26sr%3D8-97-spons%26sp_csd%3Dd2lkZ2V0TmFtZT1zcF9hdGZfbmV4dA%26psc%3D1
BigPlayer,BigPlayer Electric Guitar Basswood，Flame Maple RED,"19,999",-,"Thursday, 20 April",https://www.amazon.in/BigPlayer-Electric-Guitar-Basswood%EF%BC%8CFlame-Maple/dp/B08KK3VWHD/ref=sr_1_98?keywords=guitar&qid=1681731259&sr=8-98
blueberry,"Blueberry 38 Inch D38S Acoustic Guitar Kit Inbuilt Truss Rod, with Bag, Belt, One Pack Strings And Picks (Brown)","2,572",-,"Sunday, 23 April",https://www.amazon.in/Blueberry-Acoustic-Guitar-Inbuilt-Strings/dp/B07PHZ16BG/ref=sr_1_99?keywords=guitar&qid=1681731259&sr=8-99
Cort,Cort AD810E Dreadnought Electro Acoustic Guitar - Natural Open Pore,"12,400",In stock,"Thursday, 20 April",https://www.amazon.in/Cort-AD810E-Dreadnought-Electro-Acoustic/dp/B003K16MTY/ref=sr_1_100?keywords=guitar&qid=1681731259&sr=8-100
JUAREZ,"JUAREZ Arpeggio Guitar JRA39SR-BK-K, black","6,869",In stock,"Wednesday, 19 April",https://www.amazon.in/JUAREZ-Arpeggio-Guitar-JRA39SR-BK-K-black/dp/B08MW9VM8Y/ref=sr_1_101?keywords=guitar&qid=1681731259&sr=8-101
Ibanez,"Ibanez MD39C-NT Rose Wood Acoustic Guitar (Natural), Designed in Japan and Made Specially for India","7,399",In stock,"Wednesday, 19 April",https://www.amazon.in/Ibanez-IBA-MD39CNT-Acoustic-Guitar-MD39C-NT/dp/B07G4CCMYL/ref=sr_1_102?keywords=guitar&qid=1681731259&sr=8-102
Epiphone,"Epiphone Les Paul Studio 6 String Right Handed Electric Guitar, Inspired by Gibson Series, Alpine White","46,831",-,"Thursday, 20 April",https://www.amazon.in/Epiphone-Studio-String-Electric-Inspired/dp/B0845VD3TX/ref=sr_1_103?keywords=guitar&qid=1681731259&sr=8-103
Epiphone,"Epiphone Les Paul Muse 6 String Right Handed Electric Guitar, Jet Black Metallic","52,098",-,"Thursday, 20 April",https://www.amazon.in/Epiphone-String-Handed-Electric-Metallic/dp/B08BH5P832/ref=sr_1_104?keywords=guitar&qid=1681731259&sr=8-104
JUAREZ,"JUAREZ Arpéggio 104.14 cm (41 Inch) Semi-Acoustic Guitar Kit, Spruce Top, with Equaliser, Black","6,709",In stock,"Wednesday, 19 April",https://www.amazon.in/JUAREZ-Arp%C3%A9ggio-Semi-Acoustic-Guitar-Equaliser/dp/B08KHMY76X/ref=sr_1_105?keywords=guitar&qid=1681731259&sr=8-105
Cort,"Cort CR200 GT, 6 Strings Electric Guitar, Right-Handed, Gold Top, without case","27,926",In stock,"Wednesday, 19 April",https://www.amazon.in/Cort-Strings-Electric-Right-Handed-without/dp/B00LCRUAKU/ref=sr_1_106?keywords=guitar&qid=1681731259&sr=8-106
Fender,Fender Acoustic Guitar Concert Cutaway Electronics FA135CE Natural 971253521,"21,920",-,"Wednesday, 19 April",https://www.amazon.in/Fender-FA135CE-Electric-Acoustic-Plectrums/dp/B09NHP7FPF/ref=sr_1_97?keywords=guitar&qid=1681731259&sr=8-97
Epiphone,"Epiphone DR-100 Acoustic Guitar, Ebony","14,728",In stock,"Thursday, 20 April",https://www.amazon.in/Epiphone-DR-100-Acoustic-Guitar-Ebony/dp/B0002D02J4/ref=sr_1_98?keywords=guitar&qid=1681731259&sr=8-98
Kadence,"Kadence Frontier Series,Black Acoustic Guitar With Die Cast Keys Combo (Bag,strap,strings and 3 picks)","4,999",In stock,"Thursday, 20 April",https://www.amazon.in/Kadence-Frontier-Acoustic-Guitar-Strings/dp/B01CJJG328/ref=sr_1_99?keywords=guitar&qid=1681731259&sr=8-99
Fender,Fender Acoustic Guitar with Cutaway Electronics CD60SCE Black 970113006 Right-Handed One of The Most reputed Guitar Brands in the World,"78,375",-,"Friday, 21 April",https://www.amazon.in/Fender-Player-Telecaster-Electric-Guitar/dp/B07CXKKB1W/ref=sr_1_100?keywords=guitar&qid=1681731259&sr=8-100
BigPlayer,BigPlayer Electric Guitar Mahogany Maple,"12,274",-,"Thursday, 20 April",https://www.amazon.in/BigPlayer-Electric-Guitar-Mahogany-Maple/dp/B08KJ8Z23K/ref=sr_1_101?keywords=guitar&qid=1681731259&sr=8-101
YAMAHA,Yamaha FS80C 25 Incheses sprucewood The Ultimate Concert Body Cutaway Acoustic Guitar (Black) With Bajaao Gig-Bag,"9,499",-,"Friday, 21 April",https://www.amazon.in/Ultimate-Concert-Cutaway-Acoustic-Bajaao/dp/B08WHWKKV5/ref=sr_1_102?keywords=guitar&qid=1681731259&sr=8-102
Kadence,"Kadence Frontier Series 40 Incheses wood Semi Acoustic Guitar With Die Cast Keys (Bag,Strap,Strings And 3 Picks) (Sunburst)","5,799",In stock,"Friday, 21 April",https://www.amazon.in/Kadence-Frontier-Acoustic-Sunburst-Strings/dp/B07T5DMPZ3/ref=sr_1_103?keywords=guitar&qid=1681731259&sr=8-103
Kadence,Kadence Acoustica 34” Acoustic Guitar A03 with bag… (A-01-34),"5,699",In stock,"Friday, 21 April",https://www.amazon.in/Kadence-Acoustica-Acoustic-Guitar-01-34/dp/B0BMKQ7KKY/ref=sr_1_104?keywords=guitar&qid=1681731259&sr=8-104
YAMAHA,"Yamaha Electric-Acoustic Guitar FX280 Dreadnought With Mexa Sponge Guitar Bag, Belt,Plectrums (Natural)","12,180",-,"Saturday, 22 April",https://www.amazon.in/Electric-Acoustic-FX280-Dreadnought-Plectrums-Natural/dp/B09HSDVQDT/ref=sr_1_105?keywords=guitar&qid=1681731259&sr=8-105
Walden,"Walden, Acoustic Guitar, Grand Auditorium with Bag -Satin Natural G550RE/W","26,000",-,April 19 - 21,https://www.amazon.in/Walden-Acoustic-Auditorium-Natural-G550RE/dp/B086XBPM4R/ref=sr_1_106?keywords=guitar&qid=1681731259&sr=8-106
YAMAHA,"Yamaha F310 Acoustic Guitar with Cover (Natural, 6-Strings)","9,950",In stock,"Saturday, 22 April",https://www.amazon.in/Yamaha-F310Cover-Acoustic-Natural-6-Strings/dp/B01LXMGHL5/ref=sr_1_107?keywords=guitar&qid=1681731259&sr=8-107
GIVSUN,"Givsun Diamond Beech Wood Natural 6-String Cut A Way Right Hand Acoustic Semi-Electric Guitar With Bag And Free 1 Set String,2 Picks","4,449",-,"Monday, 24 April",https://www.amazon.in/Diamond-Natural-6-String-Acoustic-Semi-Electric/dp/B07ZTWZ99P/ref=sr_1_108?keywords=guitar&qid=1681731259&sr=8-108
Belear,Belear I280-WHT 38 Inch Cutaway White Dual Action Truss Rod Acoustic Guitar,"2,999",In stock,"Saturday, 22 April",https://www.amazon.in/Belear-I280-WHT-Cutaway-Acoustic-Guitar/dp/B0BS9DGRJQ/ref=sr_1_109?keywords=guitar&qid=1681731259&sr=8-109
Cort,"Cort X Series 6 String Solid-Body Electric Guitar, Right Handed, Flamed Grey Burst (X300 GRB)","31,601",-,"Wednesday, 19 April",https://www.amazon.in/Cort-Solid-Body-Electric-X300-GRB/dp/B07C7FVWFH/ref=sr_1_110?keywords=guitar&qid=1681731259&sr=8-110
Fender,Fender Acoustic Guitar Dreadnought FA-125 Black 971210706 Right-Handed One of The Most reputed Guitar Brands in the World,"12,088",In stock,"Thursday, 20 April",https://www.amazon.in/Fender-Dread-String-Acoustic-Guitar/dp/B07RM21D8X/ref=sr_1_111?keywords=guitar&qid=1681731259&sr=8-111
Intern,"INTERN 41 inches Cutaway Shape Acoustic Guitar with truss rod. Includes plectrums. Premium Wooden durable built, Best tonal stability and bend resistance (Jamming Black).…","2,961",In stock,"Thursday, 20 April",https://www.amazon.in/Cutaway-Acoustic-plectrums-stability-resistance/dp/B09YH8LP53/ref=sr_1_112?keywords=guitar&qid=1681731259&sr=8-112
Kadence,"Kadence 40 Incheses Frontier Series, rosewood Semi Acoustic Guitar With Die Cast Keys (Bag,Strap,Strings And 3 Picks) (own)","5,799",In stock,"Friday, 21 April",https://www.amazon.in/Kadence-Frontier-Acoustic-Guitar-Strings/dp/B07T48VTZ1/ref=sr_1_113?keywords=guitar&qid=1681731259&sr=8-113
YAMAHA,"Yamaha F310 NAT Acoustic Guitar, Natural, with Case","10,490",-,"Friday, 21 April",https://www.amazon.in/Yamaha-Acoustic-Guitar-Natural-Case/dp/B011RI0P6C/ref=sr_1_114?keywords=guitar&qid=1681731259&sr=8-114
YAMAHA,"Yamaha FS100C Acoustic Guitar, Natural","9,890",In stock,"Wednesday, 19 April",https://www.amazon.in/Yamaha-FS100C-Acoustic-Guitar-Natural/dp/B08Z3DVN8N/ref=sr_1_115?keywords=guitar&qid=1681731259&sr=8-115
Fender,Fender Acoustic Guitar Dreadnought FA-125 Natural 971210521,"11,495",-,"Friday, 21 April",https://www.amazon.in/Fender-0971110021-Dreadnought-Acoustic-Natural/dp/B07BCTL1MG/ref=sr_1_116?keywords=guitar&qid=1681731259&sr=8-116
Cort,"Cort CEC5 NAT, 6 Strings Acoustic Guitar, Right-Handed, Natural, without case","25,955",-,"Wednesday, 19 April",https://www.amazon.in/Cort-CEC5NAT-Acoustic-Natural-6-Strings/dp/B00G4SIH98/ref=sr_1_117?keywords=guitar&qid=1681731259&sr=8-117
VOAS,"Cutaway Acoustic Guitar 38-inch Folk Guitar Hand Rubbed Basswood with Celluloid Pick, Pick Holder, Guard Board, Strap, Tuner, Capo, Gig Bag for Teens Adults Beginners","23,885",In stock,May 2 - 5,https://www.amazon.in/Cutaway-Acoustic-Basswood-Celluloid-Beginners/dp/B0BZJD3JRF/ref=sr_1_118?keywords=guitar&qid=1681731259&sr=8-118
Epiphone,Epiphone SG Muse Electric Guitar - Wanderlust Green Metallic,"35,499",-,"Thursday, 20 April",https://www.amazon.in/Epiphone-Electric-Inspired-Wanderlust-Metallic/dp/B085NWWCG1/ref=sr_1_119?keywords=guitar&qid=1681731259&sr=8-119
Generic,Squier SA-150N Squier Beginner Nylon String Classical Acoustic Guitar - Natural,"9,899",-,"Thursday, 20 April",https://www.amazon.in/Squier-SA-150N-Beginner-Classical-Acoustic/dp/B07MZZRTD9/ref=sr_1_120?keywords=guitar&qid=1681731259&sr=8-120
Epiphone,Epiphone Les Paul Muse Electric Guitar - Wanderlust Green Metallic,"53,948",In stock,"Thursday, 20 April",https://www.amazon.in/Epiphone-String-Electric-Wanderlust-Metallic/dp/B08628Z2NZ/ref=sr_1_121?keywords=guitar&qid=1681731259&sr=8-121
Epiphone,"Epiphone AJ-220S Acoustic Guitar, Vintage Sunburst","30,875",-,"Friday, 21 April",https://www.amazon.in/Epiphone-AJ-220S-Acoustic-Vintage-Sunburst/dp/B003TZGAHU/ref=sr_1_122?keywords=guitar&qid=1681731259&sr=8-122
YAMAHA,"Yamaha PACIFICA112J Electric Guitar, Black","21,999",-,"Friday, 21 April",https://www.amazon.in/Yamaha-PACIFICA112J-Electric-Guitar-Black/dp/B00RW17T9U/ref=sr_1_123?keywords=guitar&qid=1681731259&sr=8-123
Epiphone,"Epiphone Les Paul Classic Worn 6 String Right Handed Electric Guitar, Worn Purple (ELCSWGNH)","46,831",-,"Thursday, 20 April",https://www.amazon.in/Epiphone-Classic-String-Electric-ELCSWGNH/dp/B085NGLLD2/ref=sr_1_124?keywords=guitar&qid=1681731259&sr=8-124
Henrix,"Henrix 38C 38 Inch Left Handed Cutaway Acoustic Guitar with Dual Action Truss Rod, Gigbag, Picks, String Set, Strap, Cloth & Ebook- Natural","2,944",In stock,"Wednesday, 19 April",https://www.amazon.in/Henrix-Handed-Cutway-Acoustic-Polishing/dp/B08R3DKYGM/ref=sr_1_125?keywords=guitar&qid=1681731259&sr=8-125
YAMAHA,Yamaha C-40 Fullsized Classic Guitar With Gloss Finish,"7,990",-,"Saturday, 22 April",https://www.amazon.in/Yamaha-Fullsized-Classic-Guitar-Finish/dp/B005B6EZ36/ref=sr_1_126?keywords=guitar&qid=1681731259&sr=8-126
YAMAHA,"Yamaha F310, 6-Strings Acoustic Guitar, Natural","9,300",In stock,"Friday, 21 April",https://www.amazon.in/Yamaha-F310-Acoustic-Guitar-Natural/dp/B08Z3C1GRM/ref=sr_1_127?keywords=guitar&qid=1681731259&sr=8-127
Schecter,Schecter Sun Valley Super Shredder FR-S Electric Guitar - Blue Reign,"87,946",-,"Sunday, 23 April",https://www.amazon.in/Schecter-Valley-Shredder-Electric-Guitar/dp/B0B61YZRCC/ref=sr_1_128?keywords=guitar&qid=1681731259&sr=8-128
DOMENICO,DOMENICO Guitar 4-String plastic Acoustic Guitar Musical Instrument For Learning (23 Inches),949,In stock,"Saturday, 22 April",https://www.amazon.in/DOMENICO-4-String-Acoustic-Instrument-Learning/dp/B09M9VKRK8/ref=sr_1_129?keywords=guitar&qid=1681731259&sr=8-129
ESP LTD,"ESP LTD LEC256STPSB Electric Guitar, Purple",-,,,https://www.amazon.in/ESP-LTD-LEC256STPSB-Electric-Guitar/dp/B01MRBLP88/ref=sr_1_130?keywords=guitar&qid=1681731259&sr=8-130
JUAREZ,"Juarez 41 Inch Acoustic Guitar Kit with Truss Rod, Solid Linden Wood, Ziko Strings, Pearl Rosette, Rosewood Fretboard & Bridge, Die Cast Machine with Picks, Strap, Strings & Bag, High Gloss Black","4,079",In stock,"Wednesday, 19 April",https://www.amazon.in/Acoustic-Strings-Rosette-Rosewood-Fretboard/dp/B09FPQX7RN/ref=sr_1_131?keywords=guitar&qid=1681731259&sr=8-131
YAMAHA,"Yamaha, Folk Guitar, F310, Natural (Guitar soft case included)","9,995",In stock,"Saturday, 22 April",https://www.amazon.in/Yamaha-Folk-Guitar-Natural-included/dp/B00004UE2G/ref=sr_1_132?keywords=guitar&qid=1681731259&sr=8-132
JUAREZ,JUAREZ JRZ41C 41 Inch ACOUSTIC GUITAR WITH ACC (3TS SUNBURST),"4,249",In stock,"Wednesday, 19 April",https://www.amazon.in/JUAREZ-JRZ41C-ACOUSTIC-GUITAR-SUNBURST/dp/B07X1XQC4Z/ref=sr_1_133?keywords=guitar&qid=1681731259&sr=8-133
Intern,"Intern INT-38C-RD-G Linden Wood Cutaway Right Handed Acoustic Guitar Kit, With Bag, Strings, Pick And Strap (Red, 6 Strings)","2,297",In stock,"Wednesday, 19 April",https://www.amazon.in/Intern-INT-38C-RD-G-Guitar-Kit-Red/dp/B07K959RKX/ref=sr_1_134?keywords=guitar&qid=1681731259&sr=8-134
Martin Smith,Martin Smith W-101-BK-PK Acoustic Guitar Super Kit with Stand (Black),"5,641",In stock,"Wednesday, 19 April",https://www.amazon.in/Martin-Smith-W-101-BK-PK-Acoustic-Guitar/dp/B019MY0YE6/ref=sr_1_135?keywords=guitar&qid=1681731259&sr=8-135
